STRUCTURE,STRUCTURE_ID,STRUCTURE_NAME,ACTION,REF_AREA,Reference area,FREQ,Frequency of observation,MEASURE,Measure,UNIT_MEASURE,Unit of measure,FINANCING_SCHEME,Financing scheme,FINANCING_SCHEME_REV,Revenues of financing schemes,FUNCTION,Health function,MODE_PROVISION,Mode of provision,PROVIDER,Health care provider,FACTOR_PROVISION,Factor of provision,ASSET_TYPE,Asset type,PRICE_BASE,Price base,TIME_PERIOD,Time period,OBS_VALUE,Observation value,BASE_PER,Base period,CURRENCY,Currency,OBS_STATUS,Observation status,OBS_STATUS2,Observation status 2,OBS_STATUS3,Observation status 3,UNIT_MULT,Unit multiplier,DECIMALS,Decimals
DATAFLOW,OECD.ELS.HD:DSD_SHA@DF_SHA_HK(1.0),Gross fixed capital formation in the healthcare system,I,GRC,Greece,A,Annual,CAPITAL_FORM,Gross fixed capital formation,PT_B1GQ,Percentage of GDP,_Z,Not applicable,_Z,Not application,_Z,Not applicable,_Z,Not applicable,_T,Total,_Z,Not applicable,_T,Total,_Z,Not applicable,2020,,0.203,,,,,,,,,,,,0,Units,1,One
DATAFLOW,OECD.ELS.HD:DSD_SHA@DF_SHA_HK(1.0),Gross fixed capital formation in the healthcare system,I,HUN,Hungary,A,Annual,CAPITAL_FORM,Gross fixed capital formation,PT_B1GQ,Percentage of GDP,_Z,Not applicable,_Z,Not application,_Z,Not applicable,_Z,Not applicable,_T,Total,_Z,Not applicable,_T,Total,_Z,Not applicable,2015,,0.466,,,,,,,,,,,,0,Units,1,One
DATAFLOW,OECD.ELS.HD:DSD_SHA@DF_SHA_HK(1.0),Gross fixed capital formation in the healthcare system,I,HUN,Hungary,A,Annual,CAPITAL_FORM,Gross fixed capital formation,PT_B1GQ,Percentage of GDP,_Z,Not applicable,_Z,Not application,_Z,Not applicable,_Z,Not applicable,_T,Total,_Z,Not applicable,_T,Total,_Z,Not applicable,2021,,0.341,,,,,,,,,,,,0,Units,1,One
DATAFLOW,OECD.ELS.HD:DSD_SHA@DF_SHA_HK(1.0),Gross fixed capital formation in the healthcare system,I,CYP,Cyprus,A,Annual,CAPITAL_FORM,Gross fixed capital formation,PT_B1GQ,Percentage of GDP,_Z,Not applicable,_Z,Not application,_Z,Not applicable,_Z,Not applicable,_T,Total,_Z,Not applicable,_T,Total,_Z,Not applicable,2015,,0.134,,,,,,,,,,,,0,Units,1,One
DATAFLOW,OECD.ELS.HD:DSD_SHA@DF_SHA_HK(1.0),Gross fixed capital formation in the healthcare system,I,AUS,Australia,A,Annual,CAPITAL_FORM,Gross fixed capital formation,PT_B1GQ,Percentage of GDP,_Z,Not applicable,_Z,Not application,_Z,Not applicable,_Z,Not applicable,_T,Total,_Z,Not applicable,_T,Total,_Z,Not applicable,2020,,0.564,,,,,,,,,,,,0,Units,1,One
DATAFLOW,OECD.ELS.HD:DSD_SHA@DF_SHA_HK(1.0),Gross fixed capital formation in the healthcare system,I,AUS,Australia,A,Annual,CAPITAL_FORM,Gross fixed capital formation,PT_B1GQ,Percentage of GDP,_Z,Not applicable,_Z,Not application,_Z,Not applicable,_Z,Not applicable,_T,Total,_Z,Not applicable,_T,Total,_Z,Not applicable,2019,,0.563,,,,,,,,,,,,0,Units,1,One
DATAFLOW,OECD.ELS.HD:DSD_SHA@DF_SHA_HK(1.0),Gross fixed capital formation in the healthcare system,I,AUS,Australia,A,Annual,CAPITAL_FORM,Gross fixed capital formation,PT_B1GQ,Percentage of GDP,_Z,Not applicable,_Z,Not application,_Z,Not applicable,_Z,Not applicable,_T,Total,_Z,Not applicable,_T,Total,_Z,Not applicable,2018,,0.537,,,,,,,,,,,,0,Units,1,One
DATAFLOW,OECD.ELS.HD:DSD_SHA@DF_SHA_HK(1.0),Gross fixed capital formation in the healthcare system,I,AUS,Australia,A,Annual,CAPITAL_FORM,Gross fixed capital formation,PT_B1GQ,Percentage of GDP,_Z,Not applicable,_Z,Not application,_Z,Not applicable,_Z,Not applicable,_T,Total,_Z,Not applicable,_T,Total,_Z,Not applicable,2017,,0.504,,,,,,,,,,,,0,Units,1,One
DATAFLOW,OECD.ELS.HD:DSD_SHA@DF_SHA_HK(1.0),Gross fixed capital formation in the healthcare system,I,AUS,Australia,A,Annual,CAPITAL_FORM,Gross fixed capital formation,PT_B1GQ,Percentage of GDP,_Z,Not applicable,_Z,Not application,_Z,Not applicable,_Z,Not applicable,_T,Total,_Z,Not applicable,_T,Total,_Z,Not applicable,2015,,0.616,,,,,,,,,,,,0,Units,1,One
DATAFLOW,OECD.ELS.HD:DSD_SHA@DF_SHA_HK(1.0),Gross fixed capital formation in the healthcare system,I,AUS,Australia,A,Annual,CAPITAL_FORM,Gross fixed capital formation,PT_B1GQ,Percentage of GDP,_Z,Not applicable,_Z,Not application,_Z,Not applicable,_Z,Not applicable,_T,Total,_Z,Not applicable,_T,Total,_Z,Not applicable,2016,,0.72,,,,,,,,,,,,0,Units,1,One
DATAFLOW,OECD.ELS.HD:DSD_SHA@DF_SHA_HK(1.0),Gross fixed capital formation in the healthcare system,I,HUN,Hungary,A,Annual,CAPITAL_FORM,Gross fixed capital formation,PT_B1GQ,Percentage of GDP,_Z,Not applicable,_Z,Not application,_Z,Not applicable,_Z,Not applicable,_T,Total,_Z,Not applicable,_T,Total,_Z,Not applicable,2018,,0.175,,,,,,,,,,,,0,Units,1,One
DATAFLOW,OECD.ELS.HD:DSD_SHA@DF_SHA_HK(1.0),Gross fixed capital formation in the healthcare system,I,DNK,Denmark,A,Annual,CAPITAL_FORM,Gross fixed capital formation,PT_B1GQ,Percentage of GDP,_Z,Not applicable,_Z,Not application,_Z,Not applicable,_Z,Not applicable,_T,Total,_Z,Not applicable,_T,Total,_Z,Not applicable,2019,,0.599,,,,,,,,,,,,0,Units,1,One
DATAFLOW,OECD.ELS.HD:DSD_SHA@DF_SHA_HK(1.0),Gross fixed capital formation in the healthcare system,I,DNK,Denmark,A,Annual,CAPITAL_FORM,Gross fixed capital formation,PT_B1GQ,Percentage of GDP,_Z,Not applicable,_Z,Not application,_Z,Not applicable,_Z,Not applicable,_T,Total,_Z,Not applicable,_T,Total,_Z,Not applicable,2018,,0.608,,,,,,,,,,,,0,Units,1,One
DATAFLOW,OECD.ELS.HD:DSD_SHA@DF_SHA_HK(1.0),Gross fixed capital formation in the healthcare system,I,CRI,Costa Rica,A,Annual,CAPITAL_FORM,Gross fixed capital formation,PT_B1GQ,Percentage of GDP,_Z,Not applicable,_Z,Not application,_Z,Not applicable,_Z,Not applicable,_T,Total,_Z,Not applicable,_T,Total,_Z,Not applicable,2018,,0.242,,,,,,B,Time series break,,,,,0,Units,1,One
DATAFLOW,OECD.ELS.HD:DSD_SHA@DF_SHA_HK(1.0),Gross fixed capital formation in the healthcare system,I,CRI,Costa Rica,A,Annual,CAPITAL_FORM,Gross fixed capital formation,PT_B1GQ,Percentage of GDP,_Z,Not applicable,_Z,Not application,_Z,Not applicable,_Z,Not applicable,_T,Total,_Z,Not applicable,_T,Total,_Z,Not applicable,2015,,0.214,,,,,,,,,,,,0,Units,1,One
DATAFLOW,OECD.ELS.HD:DSD_SHA@DF_SHA_HK(1.0),Gross fixed capital formation in the healthcare system,I,CRI,Costa Rica,A,Annual,CAPITAL_FORM,Gross fixed capital formation,PT_B1GQ,Percentage of GDP,_Z,Not applicable,_Z,Not application,_Z,Not applicable,_Z,Not applicable,_T,Total,_Z,Not applicable,_T,Total,_Z,Not applicable,2021,,0.319,,,,,,,,,,,,0,Units,1,One
DATAFLOW,OECD.ELS.HD:DSD_SHA@DF_SHA_HK(1.0),Gross fixed capital formation in the healthcare system,I,CRI,Costa Rica,A,Annual,CAPITAL_FORM,Gross fixed capital formation,PT_B1GQ,Percentage of GDP,_Z,Not applicable,_Z,Not application,_Z,Not applicable,_Z,Not applicable,_T,Total,_Z,Not applicable,_T,Total,_Z,Not applicable,2020,,0.426,,,,,,,,,,,,0,Units,1,One
DATAFLOW,OECD.ELS.HD:DSD_SHA@DF_SHA_HK(1.0),Gross fixed capital formation in the healthcare system,I,CRI,Costa Rica,A,Annual,CAPITAL_FORM,Gross fixed capital formation,PT_B1GQ,Percentage of GDP,_Z,Not applicable,_Z,Not application,_Z,Not applicable,_Z,Not applicable,_T,Total,_Z,Not applicable,_T,Total,_Z,Not applicable,2019,,0.287,,,,,,,,,,,,0,Units,1,One
DATAFLOW,OECD.ELS.HD:DSD_SHA@DF_SHA_HK(1.0),Gross fixed capital formation in the healthcare system,I,KOR,Korea,A,Annual,CAPITAL_FORM,Gross fixed capital formation,PT_B1GQ,Percentage of GDP,_Z,Not applicable,_Z,Not application,_Z,Not applicable,_Z,Not applicable,_T,Total,_Z,Not applicable,_T,Total,_Z,Not applicable,2017,,0.295,,,,,,,,,,,,0,Units,1,One
DATAFLOW,OECD.ELS.HD:DSD_SHA@DF_SHA_HK(1.0),Gross fixed capital formation in the healthcare system,I,KOR,Korea,A,Annual,CAPITAL_FORM,Gross fixed capital formation,PT_B1GQ,Percentage of GDP,_Z,Not applicable,_Z,Not application,_Z,Not applicable,_Z,Not applicable,_T,Total,_Z,Not applicable,_T,Total,_Z,Not applicable,2016,,0.27,,,,,,,,,,,,0,Units,1,One
DATAFLOW,OECD.ELS.HD:DSD_SHA@DF_SHA_HK(1.0),Gross fixed capital formation in the healthcare system,I,KOR,Korea,A,Annual,CAPITAL_FORM,Gross fixed capital formation,PT_B1GQ,Percentage of GDP,_Z,Not applicable,_Z,Not application,_Z,Not applicable,_Z,Not applicable,_T,Total,_Z,Not applicable,_T,Total,_Z,Not applicable,2015,,0.283,,,,,,,,,,,,0,Units,1,One
DATAFLOW,OECD.ELS.HD:DSD_SHA@DF_SHA_HK(1.0),Gross fixed capital formation in the healthcare system,I,KOR,Korea,A,Annual,CAPITAL_FORM,Gross fixed capital formation,PT_B1GQ,Percentage of GDP,_Z,Not applicable,_Z,Not application,_Z,Not applicable,_Z,Not applicable,_T,Total,_Z,Not applicable,_T,Total,_Z,Not applicable,2022,,0.327,,,,,,P,Provisional value,,,,,0,Units,1,One
DATAFLOW,OECD.ELS.HD:DSD_SHA@DF_SHA_HK(1.0),Gross fixed capital formation in the healthcare system,I,KOR,Korea,A,Annual,CAPITAL_FORM,Gross fixed capital formation,PT_B1GQ,Percentage of GDP,_Z,Not applicable,_Z,Not application,_Z,Not applicable,_Z,Not applicable,_T,Total,_Z,Not applicable,_T,Total,_Z,Not applicable,2021,,0.327,,,,,,,,,,,,0,Units,1,One
DATAFLOW,OECD.ELS.HD:DSD_SHA@DF_SHA_HK(1.0),Gross fixed capital formation in the healthcare system,I,KOR,Korea,A,Annual,CAPITAL_FORM,Gross fixed capital formation,PT_B1GQ,Percentage of GDP,_Z,Not applicable,_Z,Not application,_Z,Not applicable,_Z,Not applicable,_T,Total,_Z,Not applicable,_T,Total,_Z,Not applicable,2020,,0.296,,,,,,,,,,,,0,Units,1,One
DATAFLOW,OECD.ELS.HD:DSD_SHA@DF_SHA_HK(1.0),Gross fixed capital formation in the healthcare system,I,KOR,Korea,A,Annual,CAPITAL_FORM,Gross fixed capital formation,PT_B1GQ,Percentage of GDP,_Z,Not applicable,_Z,Not application,_Z,Not applicable,_Z,Not applicable,_T,Total,_Z,Not applicable,_T,Total,_Z,Not applicable,2019,,0.336,,,,,,,,,,,,0,Units,1,One
DATAFLOW,OECD.ELS.HD:DSD_SHA@DF_SHA_HK(1.0),Gross fixed capital formation in the healthcare system,I,KOR,Korea,A,Annual,CAPITAL_FORM,Gross fixed capital formation,PT_B1GQ,Percentage of GDP,_Z,Not applicable,_Z,Not application,_Z,Not applicable,_Z,Not applicable,_T,Total,_Z,Not applicable,_T,Total,_Z,Not applicable,2018,,0.337,,,,,,,,,,,,0,Units,1,One
DATAFLOW,OECD.ELS.HD:DSD_SHA@DF_SHA_HK(1.0),Gross fixed capital formation in the healthcare system,I,ISL,Iceland,A,Annual,CAPITAL_FORM,Gross fixed capital formation,PT_B1GQ,Percentage of GDP,_Z,Not applicable,_Z,Not application,_Z,Not applicable,_Z,Not applicable,_T,Total,_Z,Not applicable,_T,Total,_Z,Not applicable,2018,,0.365,,,,,,,,,,,,0,Units,1,One
DATAFLOW,OECD.ELS.HD:DSD_SHA@DF_SHA_HK(1.0),Gross fixed capital formation in the healthcare system,I,ISL,Iceland,A,Annual,CAPITAL_FORM,Gross fixed capital formation,PT_B1GQ,Percentage of GDP,_Z,Not applicable,_Z,Not application,_Z,Not applicable,_Z,Not applicable,_T,Total,_Z,Not applicable,_T,Total,_Z,Not applicable,2017,,0.237,,,,,,,,,,,,0,Units,1,One
DATAFLOW,OECD.ELS.HD:DSD_SHA@DF_SHA_HK(1.0),Gross fixed capital formation in the healthcare system,I,ISL,Iceland,A,Annual,CAPITAL_FORM,Gross fixed capital formation,PT_B1GQ,Percentage of GDP,_Z,Not applicable,_Z,Not application,_Z,Not applicable,_Z,Not applicable,_T,Total,_Z,Not applicable,_T,Total,_Z,Not applicable,2016,,0.221,,,,,,,,,,,,0,Units,1,One
DATAFLOW,OECD.ELS.HD:DSD_SHA@DF_SHA_HK(1.0),Gross fixed capital formation in the healthcare system,I,ISL,Iceland,A,Annual,CAPITAL_FORM,Gross fixed capital formation,PT_B1GQ,Percentage of GDP,_Z,Not applicable,_Z,Not application,_Z,Not applicable,_Z,Not applicable,_T,Total,_Z,Not applicable,_T,Total,_Z,Not applicable,2015,,0.199,,,,,,,,,,,,0,Units,1,One
DATAFLOW,OECD.ELS.HD:DSD_SHA@DF_SHA_HK(1.0),Gross fixed capital formation in the healthcare system,I,ISL,Iceland,A,Annual,CAPITAL_FORM,Gross fixed capital formation,PT_B1GQ,Percentage of GDP,_Z,Not applicable,_Z,Not application,_Z,Not applicable,_Z,Not applicable,_T,Total,_Z,Not applicable,_T,Total,_Z,Not applicable,2021,,0.41,,,,,,,,,,,,0,Units,1,One
DATAFLOW,OECD.ELS.HD:DSD_SHA@DF_SHA_HK(1.0),Gross fixed capital formation in the healthcare system,I,HUN,Hungary,A,Annual,CAPITAL_FORM,Gross fixed capital formation,PT_B1GQ,Percentage of GDP,_Z,Not applicable,_Z,Not application,_Z,Not applicable,_Z,Not applicable,_T,Total,_Z,Not applicable,_T,Total,_Z,Not applicable,2020,,0.403,,,,,,,,,,,,0,Units,1,One
DATAFLOW,OECD.ELS.HD:DSD_SHA@DF_SHA_HK(1.0),Gross fixed capital formation in the healthcare system,I,HUN,Hungary,A,Annual,CAPITAL_FORM,Gross fixed capital formation,PT_B1GQ,Percentage of GDP,_Z,Not applicable,_Z,Not application,_Z,Not applicable,_Z,Not applicable,_T,Total,_Z,Not applicable,_T,Total,_Z,Not applicable,2019,,0.259,,,,,,,,,,,,0,Units,1,One
DATAFLOW,OECD.ELS.HD:DSD_SHA@DF_SHA_HK(1.0),Gross fixed capital formation in the healthcare system,I,PRT,Portugal,A,Annual,CAPITAL_FORM,Gross fixed capital formation,PT_B1GQ,Percentage of GDP,_Z,Not applicable,_Z,Not application,_Z,Not applicable,_Z,Not applicable,_T,Total,_Z,Not applicable,_T,Total,_Z,Not applicable,2018,,1.032,,,,,,,,,,,,0,Units,1,One
DATAFLOW,OECD.ELS.HD:DSD_SHA@DF_SHA_HK(1.0),Gross fixed capital formation in the healthcare system,I,PRT,Portugal,A,Annual,CAPITAL_FORM,Gross fixed capital formation,PT_B1GQ,Percentage of GDP,_Z,Not applicable,_Z,Not application,_Z,Not applicable,_Z,Not applicable,_T,Total,_Z,Not applicable,_T,Total,_Z,Not applicable,2017,,0.948,,,,,,,,,,,,0,Units,1,One
DATAFLOW,OECD.ELS.HD:DSD_SHA@DF_SHA_HK(1.0),Gross fixed capital formation in the healthcare system,I,PRT,Portugal,A,Annual,CAPITAL_FORM,Gross fixed capital formation,PT_B1GQ,Percentage of GDP,_Z,Not applicable,_Z,Not application,_Z,Not applicable,_Z,Not applicable,_T,Total,_Z,Not applicable,_T,Total,_Z,Not applicable,2016,,0.915,,,,,,,,,,,,0,Units,1,One
DATAFLOW,OECD.ELS.HD:DSD_SHA@DF_SHA_HK(1.0),Gross fixed capital formation in the healthcare system,I,ESP,Spain,A,Annual,CAPITAL_FORM,Gross fixed capital formation,PT_B1GQ,Percentage of GDP,_Z,Not applicable,_Z,Not application,_Z,Not applicable,_Z,Not applicable,_T,Total,_Z,Not applicable,_T,Total,_Z,Not applicable,2017,,0.124,,,,,,,,,,,,0,Units,1,One
DATAFLOW,OECD.ELS.HD:DSD_SHA@DF_SHA_HK(1.0),Gross fixed capital formation in the healthcare system,I,ESP,Spain,A,Annual,CAPITAL_FORM,Gross fixed capital formation,PT_B1GQ,Percentage of GDP,_Z,Not applicable,_Z,Not application,_Z,Not applicable,_Z,Not applicable,_T,Total,_Z,Not applicable,_T,Total,_Z,Not applicable,2016,,0.123,,,,,,,,,,,,0,Units,1,One
DATAFLOW,OECD.ELS.HD:DSD_SHA@DF_SHA_HK(1.0),Gross fixed capital formation in the healthcare system,I,ESP,Spain,A,Annual,CAPITAL_FORM,Gross fixed capital formation,PT_B1GQ,Percentage of GDP,_Z,Not applicable,_Z,Not application,_Z,Not applicable,_Z,Not applicable,_T,Total,_Z,Not applicable,_T,Total,_Z,Not applicable,2015,,0.127,,,,,,,,,,,,0,Units,1,One
DATAFLOW,OECD.ELS.HD:DSD_SHA@DF_SHA_HK(1.0),Gross fixed capital formation in the healthcare system,I,ESP,Spain,A,Annual,CAPITAL_FORM,Gross fixed capital formation,PT_B1GQ,Percentage of GDP,_Z,Not applicable,_Z,Not application,_Z,Not applicable,_Z,Not applicable,_T,Total,_Z,Not applicable,_T,Total,_Z,Not applicable,2021,,0.196,,,,,,,,,,,,0,Units,1,One
DATAFLOW,OECD.ELS.HD:DSD_SHA@DF_SHA_HK(1.0),Gross fixed capital formation in the healthcare system,I,ESP,Spain,A,Annual,CAPITAL_FORM,Gross fixed capital formation,PT_B1GQ,Percentage of GDP,_Z,Not applicable,_Z,Not application,_Z,Not applicable,_Z,Not applicable,_T,Total,_Z,Not applicable,_T,Total,_Z,Not applicable,2020,,0.237,,,,,,,,,,,,0,Units,1,One
DATAFLOW,OECD.ELS.HD:DSD_SHA@DF_SHA_HK(1.0),Gross fixed capital formation in the healthcare system,I,ESP,Spain,A,Annual,CAPITAL_FORM,Gross fixed capital formation,PT_B1GQ,Percentage of GDP,_Z,Not applicable,_Z,Not application,_Z,Not applicable,_Z,Not applicable,_T,Total,_Z,Not applicable,_T,Total,_Z,Not applicable,2019,,0.143,,,,,,,,,,,,0,Units,1,One
DATAFLOW,OECD.ELS.HD:DSD_SHA@DF_SHA_HK(1.0),Gross fixed capital formation in the healthcare system,I,ESP,Spain,A,Annual,CAPITAL_FORM,Gross fixed capital formation,PT_B1GQ,Percentage of GDP,_Z,Not applicable,_Z,Not application,_Z,Not applicable,_Z,Not applicable,_T,Total,_Z,Not applicable,_T,Total,_Z,Not applicable,2018,,0.145,,,,,,,,,,,,0,Units,1,One
DATAFLOW,OECD.ELS.HD:DSD_SHA@DF_SHA_HK(1.0),Gross fixed capital formation in the healthcare system,I,SVN,Slovenia,A,Annual,CAPITAL_FORM,Gross fixed capital formation,PT_B1GQ,Percentage of GDP,_Z,Not applicable,_Z,Not application,_Z,Not applicable,_Z,Not applicable,_T,Total,_Z,Not applicable,_T,Total,_Z,Not applicable,2019,,0.391,,,,,,,,,,,,0,Units,1,One
DATAFLOW,OECD.ELS.HD:DSD_SHA@DF_SHA_HK(1.0),Gross fixed capital formation in the healthcare system,I,SVN,Slovenia,A,Annual,CAPITAL_FORM,Gross fixed capital formation,PT_B1GQ,Percentage of GDP,_Z,Not applicable,_Z,Not application,_Z,Not applicable,_Z,Not applicable,_T,Total,_Z,Not applicable,_T,Total,_Z,Not applicable,2017,,0.414,,,,,,,,,,,,0,Units,1,One
DATAFLOW,OECD.ELS.HD:DSD_SHA@DF_SHA_HK(1.0),Gross fixed capital formation in the healthcare system,I,SVN,Slovenia,A,Annual,CAPITAL_FORM,Gross fixed capital formation,PT_B1GQ,Percentage of GDP,_Z,Not applicable,_Z,Not application,_Z,Not applicable,_Z,Not applicable,_T,Total,_Z,Not applicable,_T,Total,_Z,Not applicable,2021,,0.52,,,,,,,,,,,,0,Units,1,One
DATAFLOW,OECD.ELS.HD:DSD_SHA@DF_SHA_HK(1.0),Gross fixed capital formation in the healthcare system,I,SVN,Slovenia,A,Annual,CAPITAL_FORM,Gross fixed capital formation,PT_B1GQ,Percentage of GDP,_Z,Not applicable,_Z,Not application,_Z,Not applicable,_Z,Not applicable,_T,Total,_Z,Not applicable,_T,Total,_Z,Not applicable,2020,,0.489,,,,,,,,,,,,0,Units,1,One
DATAFLOW,OECD.ELS.HD:DSD_SHA@DF_SHA_HK(1.0),Gross fixed capital formation in the healthcare system,I,IRL,Ireland,A,Annual,CAPITAL_FORM,Gross fixed capital formation,PT_B1GQ,Percentage of GDP,_Z,Not applicable,_Z,Not application,_Z,Not applicable,_Z,Not applicable,_T,Total,_Z,Not applicable,_T,Total,_Z,Not applicable,2018,,0.433,,,,,,,,,,,,0,Units,1,One
DATAFLOW,OECD.ELS.HD:DSD_SHA@DF_SHA_HK(1.0),Gross fixed capital formation in the healthcare system,I,IRL,Ireland,A,Annual,CAPITAL_FORM,Gross fixed capital formation,PT_B1GQ,Percentage of GDP,_Z,Not applicable,_Z,Not application,_Z,Not applicable,_Z,Not applicable,_T,Total,_Z,Not applicable,_T,Total,_Z,Not applicable,2017,,0.398,,,,,,,,,,,,0,Units,1,One
DATAFLOW,OECD.ELS.HD:DSD_SHA@DF_SHA_HK(1.0),Gross fixed capital formation in the healthcare system,I,IRL,Ireland,A,Annual,CAPITAL_FORM,Gross fixed capital formation,PT_B1GQ,Percentage of GDP,_Z,Not applicable,_Z,Not application,_Z,Not applicable,_Z,Not applicable,_T,Total,_Z,Not applicable,_T,Total,_Z,Not applicable,2016,,0.454,,,,,,,,,,,,0,Units,1,One
DATAFLOW,OECD.ELS.HD:DSD_SHA@DF_SHA_HK(1.0),Gross fixed capital formation in the healthcare system,I,IRL,Ireland,A,Annual,CAPITAL_FORM,Gross fixed capital formation,PT_B1GQ,Percentage of GDP,_Z,Not applicable,_Z,Not application,_Z,Not applicable,_Z,Not applicable,_T,Total,_Z,Not applicable,_T,Total,_Z,Not applicable,2015,,0.406,,,,,,,,,,,,0,Units,1,One
DATAFLOW,OECD.ELS.HD:DSD_SHA@DF_SHA_HK(1.0),Gross fixed capital formation in the healthcare system,I,IRL,Ireland,A,Annual,CAPITAL_FORM,Gross fixed capital formation,PT_B1GQ,Percentage of GDP,_Z,Not applicable,_Z,Not application,_Z,Not applicable,_Z,Not applicable,_T,Total,_Z,Not applicable,_T,Total,_Z,Not applicable,2021,,0.383,,,,,,,,,,,,0,Units,1,One
DATAFLOW,OECD.ELS.HD:DSD_SHA@DF_SHA_HK(1.0),Gross fixed capital formation in the healthcare system,I,IRL,Ireland,A,Annual,CAPITAL_FORM,Gross fixed capital formation,PT_B1GQ,Percentage of GDP,_Z,Not applicable,_Z,Not application,_Z,Not applicable,_Z,Not applicable,_T,Total,_Z,Not applicable,_T,Total,_Z,Not applicable,2020,,0.337,,,,,,,,,,,,0,Units,1,One
DATAFLOW,OECD.ELS.HD:DSD_SHA@DF_SHA_HK(1.0),Gross fixed capital formation in the healthcare system,I,IRL,Ireland,A,Annual,CAPITAL_FORM,Gross fixed capital formation,PT_B1GQ,Percentage of GDP,_Z,Not applicable,_Z,Not application,_Z,Not applicable,_Z,Not applicable,_T,Total,_Z,Not applicable,_T,Total,_Z,Not applicable,2019,,0.295,,,,,,,,,,,,0,Units,1,One
DATAFLOW,OECD.ELS.HD:DSD_SHA@DF_SHA_HK(1.0),Gross fixed capital formation in the healthcare system,I,CAN,Canada,A,Annual,CAPITAL_FORM,Gross fixed capital formation,PT_B1GQ,Percentage of GDP,_Z,Not applicable,_Z,Not application,_Z,Not applicable,_Z,Not applicable,_T,Total,_Z,Not applicable,_T,Total,_Z,Not applicable,2015,,0.456,,,,,,,,,,,,0,Units,1,One
DATAFLOW,OECD.ELS.HD:DSD_SHA@DF_SHA_HK(1.0),Gross fixed capital formation in the healthcare system,I,CAN,Canada,A,Annual,CAPITAL_FORM,Gross fixed capital formation,PT_B1GQ,Percentage of GDP,_Z,Not applicable,_Z,Not application,_Z,Not applicable,_Z,Not applicable,_T,Total,_Z,Not applicable,_T,Total,_Z,Not applicable,2020,,0.481,,,,,,,,,,,,0,Units,1,One
DATAFLOW,OECD.ELS.HD:DSD_SHA@DF_SHA_HK(1.0),Gross fixed capital formation in the healthcare system,I,CAN,Canada,A,Annual,CAPITAL_FORM,Gross fixed capital formation,PT_B1GQ,Percentage of GDP,_Z,Not applicable,_Z,Not application,_Z,Not applicable,_Z,Not applicable,_T,Total,_Z,Not applicable,_T,Total,_Z,Not applicable,2021,,0.473,,,,,,P,Provisional value,,,,,0,Units,1,One
DATAFLOW,OECD.ELS.HD:DSD_SHA@DF_SHA_HK(1.0),Gross fixed capital formation in the healthcare system,I,CAN,Canada,A,Annual,CAPITAL_FORM,Gross fixed capital formation,PT_B1GQ,Percentage of GDP,_Z,Not applicable,_Z,Not application,_Z,Not applicable,_Z,Not applicable,_T,Total,_Z,Not applicable,_T,Total,_Z,Not applicable,2022,,0.466,,,,,,P,Provisional value,,,,,0,Units,1,One
DATAFLOW,OECD.ELS.HD:DSD_SHA@DF_SHA_HK(1.0),Gross fixed capital formation in the healthcare system,I,CAN,Canada,A,Annual,CAPITAL_FORM,Gross fixed capital formation,PT_B1GQ,Percentage of GDP,_Z,Not applicable,_Z,Not application,_Z,Not applicable,_Z,Not applicable,_T,Total,_Z,Not applicable,_T,Total,_Z,Not applicable,2019,,0.388,,,,,,,,,,,,0,Units,1,One
DATAFLOW,OECD.ELS.HD:DSD_SHA@DF_SHA_HK(1.0),Gross fixed capital formation in the healthcare system,I,CAN,Canada,A,Annual,CAPITAL_FORM,Gross fixed capital formation,PT_B1GQ,Percentage of GDP,_Z,Not applicable,_Z,Not application,_Z,Not applicable,_Z,Not applicable,_T,Total,_Z,Not applicable,_T,Total,_Z,Not applicable,2018,,0.382,,,,,,,,,,,,0,Units,1,One
DATAFLOW,OECD.ELS.HD:DSD_SHA@DF_SHA_HK(1.0),Gross fixed capital formation in the healthcare system,I,CAN,Canada,A,Annual,CAPITAL_FORM,Gross fixed capital formation,PT_B1GQ,Percentage of GDP,_Z,Not applicable,_Z,Not application,_Z,Not applicable,_Z,Not applicable,_T,Total,_Z,Not applicable,_T,Total,_Z,Not applicable,2017,,0.382,,,,,,,,,,,,0,Units,1,One
DATAFLOW,OECD.ELS.HD:DSD_SHA@DF_SHA_HK(1.0),Gross fixed capital formation in the healthcare system,I,CAN,Canada,A,Annual,CAPITAL_FORM,Gross fixed capital formation,PT_B1GQ,Percentage of GDP,_Z,Not applicable,_Z,Not application,_Z,Not applicable,_Z,Not applicable,_T,Total,_Z,Not applicable,_T,Total,_Z,Not applicable,2016,,0.424,,,,,,,,,,,,0,Units,1,One
DATAFLOW,OECD.ELS.HD:DSD_SHA@DF_SHA_HK(1.0),Gross fixed capital formation in the healthcare system,I,MEX,Mexico,A,Annual,CAPITAL_FORM,Gross fixed capital formation,PT_B1GQ,Percentage of GDP,_Z,Not applicable,_Z,Not application,_Z,Not applicable,_Z,Not applicable,_T,Total,_Z,Not applicable,_T,Total,_Z,Not applicable,2016,,0.083,,,,,,,,,,,,0,Units,1,One
DATAFLOW,OECD.ELS.HD:DSD_SHA@DF_SHA_HK(1.0),Gross fixed capital formation in the healthcare system,I,MEX,Mexico,A,Annual,CAPITAL_FORM,Gross fixed capital formation,PT_B1GQ,Percentage of GDP,_Z,Not applicable,_Z,Not application,_Z,Not applicable,_Z,Not applicable,_T,Total,_Z,Not applicable,_T,Total,_Z,Not applicable,2015,,0.077,,,,,,,,,,,,0,Units,1,One
DATAFLOW,OECD.ELS.HD:DSD_SHA@DF_SHA_HK(1.0),Gross fixed capital formation in the healthcare system,I,MEX,Mexico,A,Annual,CAPITAL_FORM,Gross fixed capital formation,PT_B1GQ,Percentage of GDP,_Z,Not applicable,_Z,Not application,_Z,Not applicable,_Z,Not applicable,_T,Total,_Z,Not applicable,_T,Total,_Z,Not applicable,2021,,0.079,,,,,,,,,,,,0,Units,1,One
DATAFLOW,OECD.ELS.HD:DSD_SHA@DF_SHA_HK(1.0),Gross fixed capital formation in the healthcare system,I,MEX,Mexico,A,Annual,CAPITAL_FORM,Gross fixed capital formation,PT_B1GQ,Percentage of GDP,_Z,Not applicable,_Z,Not application,_Z,Not applicable,_Z,Not applicable,_T,Total,_Z,Not applicable,_T,Total,_Z,Not applicable,2020,,0.133,,,,,,,,,,,,0,Units,1,One
DATAFLOW,OECD.ELS.HD:DSD_SHA@DF_SHA_HK(1.0),Gross fixed capital formation in the healthcare system,I,MEX,Mexico,A,Annual,CAPITAL_FORM,Gross fixed capital formation,PT_B1GQ,Percentage of GDP,_Z,Not applicable,_Z,Not application,_Z,Not applicable,_Z,Not applicable,_T,Total,_Z,Not applicable,_T,Total,_Z,Not applicable,2019,,0.064,,,,,,,,,,,,0,Units,1,One
DATAFLOW,OECD.ELS.HD:DSD_SHA@DF_SHA_HK(1.0),Gross fixed capital formation in the healthcare system,I,MEX,Mexico,A,Annual,CAPITAL_FORM,Gross fixed capital formation,PT_B1GQ,Percentage of GDP,_Z,Not applicable,_Z,Not application,_Z,Not applicable,_Z,Not applicable,_T,Total,_Z,Not applicable,_T,Total,_Z,Not applicable,2018,,0.085,,,,,,,,,,,,0,Units,1,One
DATAFLOW,OECD.ELS.HD:DSD_SHA@DF_SHA_HK(1.0),Gross fixed capital formation in the healthcare system,I,MEX,Mexico,A,Annual,CAPITAL_FORM,Gross fixed capital formation,PT_B1GQ,Percentage of GDP,_Z,Not applicable,_Z,Not application,_Z,Not applicable,_Z,Not applicable,_T,Total,_Z,Not applicable,_T,Total,_Z,Not applicable,2017,,0.07,,,,,,,,,,,,0,Units,1,One
DATAFLOW,OECD.ELS.HD:DSD_SHA@DF_SHA_HK(1.0),Gross fixed capital formation in the healthcare system,I,LVA,Latvia,A,Annual,CAPITAL_FORM,Gross fixed capital formation,PT_B1GQ,Percentage of GDP,_Z,Not applicable,_Z,Not application,_Z,Not applicable,_Z,Not applicable,_T,Total,_Z,Not applicable,_T,Total,_Z,Not applicable,2017,,0.314,,,,,,,,,,,,0,Units,1,One
DATAFLOW,OECD.ELS.HD:DSD_SHA@DF_SHA_HK(1.0),Gross fixed capital formation in the healthcare system,I,LVA,Latvia,A,Annual,CAPITAL_FORM,Gross fixed capital formation,PT_B1GQ,Percentage of GDP,_Z,Not applicable,_Z,Not application,_Z,Not applicable,_Z,Not applicable,_T,Total,_Z,Not applicable,_T,Total,_Z,Not applicable,2021,,0.663,,,,,,,,,,,,0,Units,1,One
DATAFLOW,OECD.ELS.HD:DSD_SHA@DF_SHA_HK(1.0),Gross fixed capital formation in the healthcare system,I,LVA,Latvia,A,Annual,CAPITAL_FORM,Gross fixed capital formation,PT_B1GQ,Percentage of GDP,_Z,Not applicable,_Z,Not application,_Z,Not applicable,_Z,Not applicable,_T,Total,_Z,Not applicable,_T,Total,_Z,Not applicable,2020,,0.479,,,,,,,,,,,,0,Units,1,One
DATAFLOW,OECD.ELS.HD:DSD_SHA@DF_SHA_HK(1.0),Gross fixed capital formation in the healthcare system,I,LVA,Latvia,A,Annual,CAPITAL_FORM,Gross fixed capital formation,PT_B1GQ,Percentage of GDP,_Z,Not applicable,_Z,Not application,_Z,Not applicable,_Z,Not applicable,_T,Total,_Z,Not applicable,_T,Total,_Z,Not applicable,2019,,0.383,,,,,,,,,,,,0,Units,1,One
DATAFLOW,OECD.ELS.HD:DSD_SHA@DF_SHA_HK(1.0),Gross fixed capital formation in the healthcare system,I,HUN,Hungary,A,Annual,CAPITAL_FORM,Gross fixed capital formation,PT_B1GQ,Percentage of GDP,_Z,Not applicable,_Z,Not application,_Z,Not applicable,_Z,Not applicable,_T,Total,_Z,Not applicable,_T,Total,_Z,Not applicable,2017,,0.158,,,,,,,,,,,,0,Units,1,One
DATAFLOW,OECD.ELS.HD:DSD_SHA@DF_SHA_HK(1.0),Gross fixed capital formation in the healthcare system,I,HUN,Hungary,A,Annual,CAPITAL_FORM,Gross fixed capital formation,PT_B1GQ,Percentage of GDP,_Z,Not applicable,_Z,Not application,_Z,Not applicable,_Z,Not applicable,_T,Total,_Z,Not applicable,_T,Total,_Z,Not applicable,2016,,0.102,,,,,,,,,,,,0,Units,1,One
DATAFLOW,OECD.ELS.HD:DSD_SHA@DF_SHA_HK(1.0),Gross fixed capital formation in the healthcare system,I,CRI,Costa Rica,A,Annual,CAPITAL_FORM,Gross fixed capital formation,PT_B1GQ,Percentage of GDP,_Z,Not applicable,_Z,Not application,_Z,Not applicable,_Z,Not applicable,_T,Total,_Z,Not applicable,_T,Total,_Z,Not applicable,2016,,0.243,,,,,,,,,,,,0,Units,1,One
DATAFLOW,OECD.ELS.HD:DSD_SHA@DF_SHA_HK(1.0),Gross fixed capital formation in the healthcare system,I,GRC,Greece,A,Annual,CAPITAL_FORM,Gross fixed capital formation,PT_B1GQ,Percentage of GDP,_Z,Not applicable,_Z,Not application,_Z,Not applicable,_Z,Not applicable,_T,Total,_Z,Not applicable,_T,Total,_Z,Not applicable,2019,,0.202,,,,,,,,,,,,0,Units,1,One
DATAFLOW,OECD.ELS.HD:DSD_SHA@DF_SHA_HK(1.0),Gross fixed capital formation in the healthcare system,I,ISR,Israel,A,Annual,CAPITAL_FORM,Gross fixed capital formation,PT_B1GQ,Percentage of GDP,_Z,Not applicable,_Z,Not application,_Z,Not applicable,_Z,Not applicable,_T,Total,_Z,Not applicable,_T,Total,_Z,Not applicable,2015,,0.302,,,,,,,,,,,,0,Units,1,One
DATAFLOW,OECD.ELS.HD:DSD_SHA@DF_SHA_HK(1.0),Gross fixed capital formation in the healthcare system,I,ISR,Israel,A,Annual,CAPITAL_FORM,Gross fixed capital formation,PT_B1GQ,Percentage of GDP,_Z,Not applicable,_Z,Not application,_Z,Not applicable,_Z,Not applicable,_T,Total,_Z,Not applicable,_T,Total,_Z,Not applicable,2019,,0.264,,,,,,,,,,,,0,Units,1,One
DATAFLOW,OECD.ELS.HD:DSD_SHA@DF_SHA_HK(1.0),Gross fixed capital formation in the healthcare system,I,ISR,Israel,A,Annual,CAPITAL_FORM,Gross fixed capital formation,PT_B1GQ,Percentage of GDP,_Z,Not applicable,_Z,Not application,_Z,Not applicable,_Z,Not applicable,_T,Total,_Z,Not applicable,_T,Total,_Z,Not applicable,2018,,0.241,,,,,,,,,,,,0,Units,1,One
DATAFLOW,OECD.ELS.HD:DSD_SHA@DF_SHA_HK(1.0),Gross fixed capital formation in the healthcare system,I,ISR,Israel,A,Annual,CAPITAL_FORM,Gross fixed capital formation,PT_B1GQ,Percentage of GDP,_Z,Not applicable,_Z,Not application,_Z,Not applicable,_Z,Not applicable,_T,Total,_Z,Not applicable,_T,Total,_Z,Not applicable,2017,,0.28,,,,,,,,,,,,0,Units,1,One
DATAFLOW,OECD.ELS.HD:DSD_SHA@DF_SHA_HK(1.0),Gross fixed capital formation in the healthcare system,I,ISR,Israel,A,Annual,CAPITAL_FORM,Gross fixed capital formation,PT_B1GQ,Percentage of GDP,_Z,Not applicable,_Z,Not application,_Z,Not applicable,_Z,Not applicable,_T,Total,_Z,Not applicable,_T,Total,_Z,Not applicable,2016,,0.257,,,,,,,,,,,,0,Units,1,One
DATAFLOW,OECD.ELS.HD:DSD_SHA@DF_SHA_HK(1.0),Gross fixed capital formation in the healthcare system,I,GBR,United Kingdom,A,Annual,CAPITAL_FORM,Gross fixed capital formation,PT_B1GQ,Percentage of GDP,_Z,Not applicable,_Z,Not application,_Z,Not applicable,_Z,Not applicable,_T,Total,_Z,Not applicable,_T,Total,_Z,Not applicable,2018,,0.324,,,,,,,,,,,,0,Units,1,One
DATAFLOW,OECD.ELS.HD:DSD_SHA@DF_SHA_HK(1.0),Gross fixed capital formation in the healthcare system,I,GBR,United Kingdom,A,Annual,CAPITAL_FORM,Gross fixed capital formation,PT_B1GQ,Percentage of GDP,_Z,Not applicable,_Z,Not application,_Z,Not applicable,_Z,Not applicable,_T,Total,_Z,Not applicable,_T,Total,_Z,Not applicable,2017,,0.306,,,,,,,,,,,,0,Units,1,One
DATAFLOW,OECD.ELS.HD:DSD_SHA@DF_SHA_HK(1.0),Gross fixed capital formation in the healthcare system,I,GBR,United Kingdom,A,Annual,CAPITAL_FORM,Gross fixed capital formation,PT_B1GQ,Percentage of GDP,_Z,Not applicable,_Z,Not application,_Z,Not applicable,_Z,Not applicable,_T,Total,_Z,Not applicable,_T,Total,_Z,Not applicable,2016,,0.288,,,,,,,,,,,,0,Units,1,One
DATAFLOW,OECD.ELS.HD:DSD_SHA@DF_SHA_HK(1.0),Gross fixed capital formation in the healthcare system,I,GBR,United Kingdom,A,Annual,CAPITAL_FORM,Gross fixed capital formation,PT_B1GQ,Percentage of GDP,_Z,Not applicable,_Z,Not application,_Z,Not applicable,_Z,Not applicable,_T,Total,_Z,Not applicable,_T,Total,_Z,Not applicable,2015,,0.301,,,,,,,,,,,,0,Units,1,One
DATAFLOW,OECD.ELS.HD:DSD_SHA@DF_SHA_HK(1.0),Gross fixed capital formation in the healthcare system,I,GBR,United Kingdom,A,Annual,CAPITAL_FORM,Gross fixed capital formation,PT_B1GQ,Percentage of GDP,_Z,Not applicable,_Z,Not application,_Z,Not applicable,_Z,Not applicable,_T,Total,_Z,Not applicable,_T,Total,_Z,Not applicable,2020,,0.442,,,,,,,,,,,,0,Units,1,One
DATAFLOW,OECD.ELS.HD:DSD_SHA@DF_SHA_HK(1.0),Gross fixed capital formation in the healthcare system,I,GBR,United Kingdom,A,Annual,CAPITAL_FORM,Gross fixed capital formation,PT_B1GQ,Percentage of GDP,_Z,Not applicable,_Z,Not application,_Z,Not applicable,_Z,Not applicable,_T,Total,_Z,Not applicable,_T,Total,_Z,Not applicable,2019,,0.328,,,,,,,,,,,,0,Units,1,One
DATAFLOW,OECD.ELS.HD:DSD_SHA@DF_SHA_HK(1.0),Gross fixed capital formation in the healthcare system,I,NOR,Norway,A,Annual,CAPITAL_FORM,Gross fixed capital formation,PT_B1GQ,Percentage of GDP,_Z,Not applicable,_Z,Not application,_Z,Not applicable,_Z,Not applicable,_T,Total,_Z,Not applicable,_T,Total,_Z,Not applicable,2017,,0.492,,,,,,,,,,,,0,Units,1,One
DATAFLOW,OECD.ELS.HD:DSD_SHA@DF_SHA_HK(1.0),Gross fixed capital formation in the healthcare system,I,NOR,Norway,A,Annual,CAPITAL_FORM,Gross fixed capital formation,PT_B1GQ,Percentage of GDP,_Z,Not applicable,_Z,Not application,_Z,Not applicable,_Z,Not applicable,_T,Total,_Z,Not applicable,_T,Total,_Z,Not applicable,2016,,0.556,,,,,,,,,,,,0,Units,1,One
DATAFLOW,OECD.ELS.HD:DSD_SHA@DF_SHA_HK(1.0),Gross fixed capital formation in the healthcare system,I,NOR,Norway,A,Annual,CAPITAL_FORM,Gross fixed capital formation,PT_B1GQ,Percentage of GDP,_Z,Not applicable,_Z,Not application,_Z,Not applicable,_Z,Not applicable,_T,Total,_Z,Not applicable,_T,Total,_Z,Not applicable,2015,,0.49,,,,,,,,,,,,0,Units,1,One
DATAFLOW,OECD.ELS.HD:DSD_SHA@DF_SHA_HK(1.0),Gross fixed capital formation in the healthcare system,I,NOR,Norway,A,Annual,CAPITAL_FORM,Gross fixed capital formation,PT_B1GQ,Percentage of GDP,_Z,Not applicable,_Z,Not application,_Z,Not applicable,_Z,Not applicable,_T,Total,_Z,Not applicable,_T,Total,_Z,Not applicable,2021,,0.667,,,,,,P,Provisional value,,,,,0,Units,1,One
DATAFLOW,OECD.ELS.HD:DSD_SHA@DF_SHA_HK(1.0),Gross fixed capital formation in the healthcare system,I,NOR,Norway,A,Annual,CAPITAL_FORM,Gross fixed capital formation,PT_B1GQ,Percentage of GDP,_Z,Not applicable,_Z,Not application,_Z,Not applicable,_Z,Not applicable,_T,Total,_Z,Not applicable,_T,Total,_Z,Not applicable,2020,,0.724,,,,,,,,,,,,0,Units,1,One
DATAFLOW,OECD.ELS.HD:DSD_SHA@DF_SHA_HK(1.0),Gross fixed capital formation in the healthcare system,I,NOR,Norway,A,Annual,CAPITAL_FORM,Gross fixed capital formation,PT_B1GQ,Percentage of GDP,_Z,Not applicable,_Z,Not application,_Z,Not applicable,_Z,Not applicable,_T,Total,_Z,Not applicable,_T,Total,_Z,Not applicable,2019,,0.65,,,,,,,,,,,,0,Units,1,One
DATAFLOW,OECD.ELS.HD:DSD_SHA@DF_SHA_HK(1.0),Gross fixed capital formation in the healthcare system,I,NOR,Norway,A,Annual,CAPITAL_FORM,Gross fixed capital formation,PT_B1GQ,Percentage of GDP,_Z,Not applicable,_Z,Not application,_Z,Not applicable,_Z,Not applicable,_T,Total,_Z,Not applicable,_T,Total,_Z,Not applicable,2018,,0.51,,,,,,,,,,,,0,Units,1,One
DATAFLOW,OECD.ELS.HD:DSD_SHA@DF_SHA_HK(1.0),Gross fixed capital formation in the healthcare system,I,CZE,Czechia,A,Annual,CAPITAL_FORM,Gross fixed capital formation,PT_B1GQ,Percentage of GDP,_Z,Not applicable,_Z,Not application,_Z,Not applicable,_Z,Not applicable,_T,Total,_Z,Not applicable,_T,Total,_Z,Not applicable,2017,,0.09,,,,,,,,,,,,0,Units,1,One
DATAFLOW,OECD.ELS.HD:DSD_SHA@DF_SHA_HK(1.0),Gross fixed capital formation in the healthcare system,I,CZE,Czechia,A,Annual,CAPITAL_FORM,Gross fixed capital formation,PT_B1GQ,Percentage of GDP,_Z,Not applicable,_Z,Not application,_Z,Not applicable,_Z,Not applicable,_T,Total,_Z,Not applicable,_T,Total,_Z,Not applicable,2016,,0.106,,,,,,,,,,,,0,Units,1,One
DATAFLOW,OECD.ELS.HD:DSD_SHA@DF_SHA_HK(1.0),Gross fixed capital formation in the healthcare system,I,CZE,Czechia,A,Annual,CAPITAL_FORM,Gross fixed capital formation,PT_B1GQ,Percentage of GDP,_Z,Not applicable,_Z,Not application,_Z,Not applicable,_Z,Not applicable,_T,Total,_Z,Not applicable,_T,Total,_Z,Not applicable,2015,,0.116,,,,,,,,,,,,0,Units,1,One
DATAFLOW,OECD.ELS.HD:DSD_SHA@DF_SHA_HK(1.0),Gross fixed capital formation in the healthcare system,I,CZE,Czechia,A,Annual,CAPITAL_FORM,Gross fixed capital formation,PT_B1GQ,Percentage of GDP,_Z,Not applicable,_Z,Not application,_Z,Not applicable,_Z,Not applicable,_T,Total,_Z,Not applicable,_T,Total,_Z,Not applicable,2020,,0.113,,,,,,,,,,,,0,Units,1,One
DATAFLOW,OECD.ELS.HD:DSD_SHA@DF_SHA_HK(1.0),Gross fixed capital formation in the healthcare system,I,CZE,Czechia,A,Annual,CAPITAL_FORM,Gross fixed capital formation,PT_B1GQ,Percentage of GDP,_Z,Not applicable,_Z,Not application,_Z,Not applicable,_Z,Not applicable,_T,Total,_Z,Not applicable,_T,Total,_Z,Not applicable,2021,,0.098,,,,,,,,,,,,0,Units,1,One
DATAFLOW,OECD.ELS.HD:DSD_SHA@DF_SHA_HK(1.0),Gross fixed capital formation in the healthcare system,I,CZE,Czechia,A,Annual,CAPITAL_FORM,Gross fixed capital formation,PT_B1GQ,Percentage of GDP,_Z,Not applicable,_Z,Not application,_Z,Not applicable,_Z,Not applicable,_T,Total,_Z,Not applicable,_T,Total,_Z,Not applicable,2019,,0.102,,,,,,,,,,,,0,Units,1,One
DATAFLOW,OECD.ELS.HD:DSD_SHA@DF_SHA_HK(1.0),Gross fixed capital formation in the healthcare system,I,CZE,Czechia,A,Annual,CAPITAL_FORM,Gross fixed capital formation,PT_B1GQ,Percentage of GDP,_Z,Not applicable,_Z,Not application,_Z,Not applicable,_Z,Not applicable,_T,Total,_Z,Not applicable,_T,Total,_Z,Not applicable,2018,,0.112,,,,,,,,,,,,0,Units,1,One
DATAFLOW,OECD.ELS.HD:DSD_SHA@DF_SHA_HK(1.0),Gross fixed capital formation in the healthcare system,I,BRA,Brazil,A,Annual,CAPITAL_FORM,Gross fixed capital formation,PT_B1GQ,Percentage of GDP,_Z,Not applicable,_Z,Not application,_Z,Not applicable,_Z,Not applicable,_T,Total,_Z,Not applicable,_T,Total,_Z,Not applicable,2019,,0.292,,,,,,,,,,,,0,Units,1,One
DATAFLOW,OECD.ELS.HD:DSD_SHA@DF_SHA_HK(1.0),Gross fixed capital formation in the healthcare system,I,BRA,Brazil,A,Annual,CAPITAL_FORM,Gross fixed capital formation,PT_B1GQ,Percentage of GDP,_Z,Not applicable,_Z,Not application,_Z,Not applicable,_Z,Not applicable,_T,Total,_Z,Not applicable,_T,Total,_Z,Not applicable,2018,,0.336,,,,,,,,,,,,0,Units,1,One
DATAFLOW,OECD.ELS.HD:DSD_SHA@DF_SHA_HK(1.0),Gross fixed capital formation in the healthcare system,I,BRA,Brazil,A,Annual,CAPITAL_FORM,Gross fixed capital formation,PT_B1GQ,Percentage of GDP,_Z,Not applicable,_Z,Not application,_Z,Not applicable,_Z,Not applicable,_T,Total,_Z,Not applicable,_T,Total,_Z,Not applicable,2017,,0.254,,,,,,,,,,,,0,Units,1,One
DATAFLOW,OECD.ELS.HD:DSD_SHA@DF_SHA_HK(1.0),Gross fixed capital formation in the healthcare system,I,BRA,Brazil,A,Annual,CAPITAL_FORM,Gross fixed capital formation,PT_B1GQ,Percentage of GDP,_Z,Not applicable,_Z,Not application,_Z,Not applicable,_Z,Not applicable,_T,Total,_Z,Not applicable,_T,Total,_Z,Not applicable,2016,,0.317,,,,,,,,,,,,0,Units,1,One
DATAFLOW,OECD.ELS.HD:DSD_SHA@DF_SHA_HK(1.0),Gross fixed capital formation in the healthcare system,I,BRA,Brazil,A,Annual,CAPITAL_FORM,Gross fixed capital formation,PT_B1GQ,Percentage of GDP,_Z,Not applicable,_Z,Not application,_Z,Not applicable,_Z,Not applicable,_T,Total,_Z,Not applicable,_T,Total,_Z,Not applicable,2015,,0.29,,,,,,,,,,,,0,Units,1,One
DATAFLOW,OECD.ELS.HD:DSD_SHA@DF_SHA_HK(1.0),Gross fixed capital formation in the healthcare system,I,FIN,Finland,A,Annual,CAPITAL_FORM,Gross fixed capital formation,PT_B1GQ,Percentage of GDP,_Z,Not applicable,_Z,Not application,_Z,Not applicable,_Z,Not applicable,_T,Total,_Z,Not applicable,_T,Total,_Z,Not applicable,2019,,0.477,,,,,,,,,,,,0,Units,1,One
DATAFLOW,OECD.ELS.HD:DSD_SHA@DF_SHA_HK(1.0),Gross fixed capital formation in the healthcare system,I,FIN,Finland,A,Annual,CAPITAL_FORM,Gross fixed capital formation,PT_B1GQ,Percentage of GDP,_Z,Not applicable,_Z,Not application,_Z,Not applicable,_Z,Not applicable,_T,Total,_Z,Not applicable,_T,Total,_Z,Not applicable,2018,,0.461,,,,,,,,,,,,0,Units,1,One
DATAFLOW,OECD.ELS.HD:DSD_SHA@DF_SHA_HK(1.0),Gross fixed capital formation in the healthcare system,I,FIN,Finland,A,Annual,CAPITAL_FORM,Gross fixed capital formation,PT_B1GQ,Percentage of GDP,_Z,Not applicable,_Z,Not application,_Z,Not applicable,_Z,Not applicable,_T,Total,_Z,Not applicable,_T,Total,_Z,Not applicable,2017,,0.485,,,,,,,,,,,,0,Units,1,One
DATAFLOW,OECD.ELS.HD:DSD_SHA@DF_SHA_HK(1.0),Gross fixed capital formation in the healthcare system,I,FIN,Finland,A,Annual,CAPITAL_FORM,Gross fixed capital formation,PT_B1GQ,Percentage of GDP,_Z,Not applicable,_Z,Not application,_Z,Not applicable,_Z,Not applicable,_T,Total,_Z,Not applicable,_T,Total,_Z,Not applicable,2016,,0.384,,,,,,,,,,,,0,Units,1,One
DATAFLOW,OECD.ELS.HD:DSD_SHA@DF_SHA_HK(1.0),Gross fixed capital formation in the healthcare system,I,FIN,Finland,A,Annual,CAPITAL_FORM,Gross fixed capital formation,PT_B1GQ,Percentage of GDP,_Z,Not applicable,_Z,Not application,_Z,Not applicable,_Z,Not applicable,_T,Total,_Z,Not applicable,_T,Total,_Z,Not applicable,2015,,0.388,,,,,,,,,,,,0,Units,1,One
DATAFLOW,OECD.ELS.HD:DSD_SHA@DF_SHA_HK(1.0),Gross fixed capital formation in the healthcare system,I,FIN,Finland,A,Annual,CAPITAL_FORM,Gross fixed capital formation,PT_B1GQ,Percentage of GDP,_Z,Not applicable,_Z,Not application,_Z,Not applicable,_Z,Not applicable,_T,Total,_Z,Not applicable,_T,Total,_Z,Not applicable,2020,,0.534,,,,,,,,,,,,0,Units,1,One
DATAFLOW,OECD.ELS.HD:DSD_SHA@DF_SHA_HK(1.0),Gross fixed capital formation in the healthcare system,I,EST,Estonia,A,Annual,CAPITAL_FORM,Gross fixed capital formation,PT_B1GQ,Percentage of GDP,_Z,Not applicable,_Z,Not application,_Z,Not applicable,_Z,Not applicable,_T,Total,_Z,Not applicable,_T,Total,_Z,Not applicable,2017,,0.237,,,,,,,,,,,,0,Units,1,One
DATAFLOW,OECD.ELS.HD:DSD_SHA@DF_SHA_HK(1.0),Gross fixed capital formation in the healthcare system,I,EST,Estonia,A,Annual,CAPITAL_FORM,Gross fixed capital formation,PT_B1GQ,Percentage of GDP,_Z,Not applicable,_Z,Not application,_Z,Not applicable,_Z,Not applicable,_T,Total,_Z,Not applicable,_T,Total,_Z,Not applicable,2016,,0.401,,,,,,,,,,,,0,Units,1,One
DATAFLOW,OECD.ELS.HD:DSD_SHA@DF_SHA_HK(1.0),Gross fixed capital formation in the healthcare system,I,EST,Estonia,A,Annual,CAPITAL_FORM,Gross fixed capital formation,PT_B1GQ,Percentage of GDP,_Z,Not applicable,_Z,Not application,_Z,Not applicable,_Z,Not applicable,_T,Total,_Z,Not applicable,_T,Total,_Z,Not applicable,2015,,0.613,,,,,,,,,,,,0,Units,1,One
DATAFLOW,OECD.ELS.HD:DSD_SHA@DF_SHA_HK(1.0),Gross fixed capital formation in the healthcare system,I,EST,Estonia,A,Annual,CAPITAL_FORM,Gross fixed capital formation,PT_B1GQ,Percentage of GDP,_Z,Not applicable,_Z,Not application,_Z,Not applicable,_Z,Not applicable,_T,Total,_Z,Not applicable,_T,Total,_Z,Not applicable,2020,,0.409,,,,,,,,,,,,0,Units,1,One
DATAFLOW,OECD.ELS.HD:DSD_SHA@DF_SHA_HK(1.0),Gross fixed capital formation in the healthcare system,I,EST,Estonia,A,Annual,CAPITAL_FORM,Gross fixed capital formation,PT_B1GQ,Percentage of GDP,_Z,Not applicable,_Z,Not application,_Z,Not applicable,_Z,Not applicable,_T,Total,_Z,Not applicable,_T,Total,_Z,Not applicable,2021,,0.463,,,,,,,,,,,,0,Units,1,One
DATAFLOW,OECD.ELS.HD:DSD_SHA@DF_SHA_HK(1.0),Gross fixed capital formation in the healthcare system,I,EST,Estonia,A,Annual,CAPITAL_FORM,Gross fixed capital formation,PT_B1GQ,Percentage of GDP,_Z,Not applicable,_Z,Not application,_Z,Not applicable,_Z,Not applicable,_T,Total,_Z,Not applicable,_T,Total,_Z,Not applicable,2019,,0.282,,,,,,,,,,,,0,Units,1,One
DATAFLOW,OECD.ELS.HD:DSD_SHA@DF_SHA_HK(1.0),Gross fixed capital formation in the healthcare system,I,EST,Estonia,A,Annual,CAPITAL_FORM,Gross fixed capital formation,PT_B1GQ,Percentage of GDP,_Z,Not applicable,_Z,Not application,_Z,Not applicable,_Z,Not applicable,_T,Total,_Z,Not applicable,_T,Total,_Z,Not applicable,2018,,0.265,,,,,,,,,,,,0,Units,1,One
DATAFLOW,OECD.ELS.HD:DSD_SHA@DF_SHA_HK(1.0),Gross fixed capital formation in the healthcare system,I,TUR,Türkiye,A,Annual,CAPITAL_FORM,Gross fixed capital formation,PT_B1GQ,Percentage of GDP,_Z,Not applicable,_Z,Not application,_Z,Not applicable,_Z,Not applicable,_T,Total,_Z,Not applicable,_T,Total,_Z,Not applicable,2021,,0.317,,,,,,,,,,,,0,Units,1,One
DATAFLOW,OECD.ELS.HD:DSD_SHA@DF_SHA_HK(1.0),Gross fixed capital formation in the healthcare system,I,TUR,Türkiye,A,Annual,CAPITAL_FORM,Gross fixed capital formation,PT_B1GQ,Percentage of GDP,_Z,Not applicable,_Z,Not application,_Z,Not applicable,_Z,Not applicable,_T,Total,_Z,Not applicable,_T,Total,_Z,Not applicable,2020,,0.334,,,,,,,,,,,,0,Units,1,One
DATAFLOW,OECD.ELS.HD:DSD_SHA@DF_SHA_HK(1.0),Gross fixed capital formation in the healthcare system,I,TUR,Türkiye,A,Annual,CAPITAL_FORM,Gross fixed capital formation,PT_B1GQ,Percentage of GDP,_Z,Not applicable,_Z,Not application,_Z,Not applicable,_Z,Not applicable,_T,Total,_Z,Not applicable,_T,Total,_Z,Not applicable,2019,,0.297,,,,,,,,,,,,0,Units,1,One
DATAFLOW,OECD.ELS.HD:DSD_SHA@DF_SHA_HK(1.0),Gross fixed capital formation in the healthcare system,I,TUR,Türkiye,A,Annual,CAPITAL_FORM,Gross fixed capital formation,PT_B1GQ,Percentage of GDP,_Z,Not applicable,_Z,Not application,_Z,Not applicable,_Z,Not applicable,_T,Total,_Z,Not applicable,_T,Total,_Z,Not applicable,2017,,0.308,,,,,,,,,,,,0,Units,1,One
DATAFLOW,OECD.ELS.HD:DSD_SHA@DF_SHA_HK(1.0),Gross fixed capital formation in the healthcare system,I,TUR,Türkiye,A,Annual,CAPITAL_FORM,Gross fixed capital formation,PT_B1GQ,Percentage of GDP,_Z,Not applicable,_Z,Not application,_Z,Not applicable,_Z,Not applicable,_T,Total,_Z,Not applicable,_T,Total,_Z,Not applicable,2016,,0.275,,,,,,,,,,,,0,Units,1,One
DATAFLOW,OECD.ELS.HD:DSD_SHA@DF_SHA_HK(1.0),Gross fixed capital formation in the healthcare system,I,AUT,Austria,A,Annual,CAPITAL_FORM,Gross fixed capital formation,PT_B1GQ,Percentage of GDP,_Z,Not applicable,_Z,Not application,_Z,Not applicable,_Z,Not applicable,_T,Total,_Z,Not applicable,_T,Total,_Z,Not applicable,2018,,0.746,,,,,,,,,,,,0,Units,1,One
DATAFLOW,OECD.ELS.HD:DSD_SHA@DF_SHA_HK(1.0),Gross fixed capital formation in the healthcare system,I,AUT,Austria,A,Annual,CAPITAL_FORM,Gross fixed capital formation,PT_B1GQ,Percentage of GDP,_Z,Not applicable,_Z,Not application,_Z,Not applicable,_Z,Not applicable,_T,Total,_Z,Not applicable,_T,Total,_Z,Not applicable,2017,,0.764,,,,,,,,,,,,0,Units,1,One
DATAFLOW,OECD.ELS.HD:DSD_SHA@DF_SHA_HK(1.0),Gross fixed capital formation in the healthcare system,I,AUT,Austria,A,Annual,CAPITAL_FORM,Gross fixed capital formation,PT_B1GQ,Percentage of GDP,_Z,Not applicable,_Z,Not application,_Z,Not applicable,_Z,Not applicable,_T,Total,_Z,Not applicable,_T,Total,_Z,Not applicable,2016,,0.725,,,,,,,,,,,,0,Units,1,One
DATAFLOW,OECD.ELS.HD:DSD_SHA@DF_SHA_HK(1.0),Gross fixed capital formation in the healthcare system,I,AUT,Austria,A,Annual,CAPITAL_FORM,Gross fixed capital formation,PT_B1GQ,Percentage of GDP,_Z,Not applicable,_Z,Not application,_Z,Not applicable,_Z,Not applicable,_T,Total,_Z,Not applicable,_T,Total,_Z,Not applicable,2015,,0.781,,,,,,,,,,,,0,Units,1,One
DATAFLOW,OECD.ELS.HD:DSD_SHA@DF_SHA_HK(1.0),Gross fixed capital formation in the healthcare system,I,AUT,Austria,A,Annual,CAPITAL_FORM,Gross fixed capital formation,PT_B1GQ,Percentage of GDP,_Z,Not applicable,_Z,Not application,_Z,Not applicable,_Z,Not applicable,_T,Total,_Z,Not applicable,_T,Total,_Z,Not applicable,2021,,0.737,,,,,,,,,,,,0,Units,1,One
DATAFLOW,OECD.ELS.HD:DSD_SHA@DF_SHA_HK(1.0),Gross fixed capital formation in the healthcare system,I,AUT,Austria,A,Annual,CAPITAL_FORM,Gross fixed capital formation,PT_B1GQ,Percentage of GDP,_Z,Not applicable,_Z,Not application,_Z,Not applicable,_Z,Not applicable,_T,Total,_Z,Not applicable,_T,Total,_Z,Not applicable,2022,,0.617,,,,,,P,Provisional value,,,,,0,Units,1,One
DATAFLOW,OECD.ELS.HD:DSD_SHA@DF_SHA_HK(1.0),Gross fixed capital formation in the healthcare system,I,AUT,Austria,A,Annual,CAPITAL_FORM,Gross fixed capital formation,PT_B1GQ,Percentage of GDP,_Z,Not applicable,_Z,Not application,_Z,Not applicable,_Z,Not applicable,_T,Total,_Z,Not applicable,_T,Total,_Z,Not applicable,2020,,0.748,,,,,,,,,,,,0,Units,1,One
DATAFLOW,OECD.ELS.HD:DSD_SHA@DF_SHA_HK(1.0),Gross fixed capital formation in the healthcare system,I,AUT,Austria,A,Annual,CAPITAL_FORM,Gross fixed capital formation,PT_B1GQ,Percentage of GDP,_Z,Not applicable,_Z,Not application,_Z,Not applicable,_Z,Not applicable,_T,Total,_Z,Not applicable,_T,Total,_Z,Not applicable,2019,,0.687,,,,,,,,,,,,0,Units,1,One
DATAFLOW,OECD.ELS.HD:DSD_SHA@DF_SHA_HK(1.0),Gross fixed capital formation in the healthcare system,I,MLT,Malta,A,Annual,CAPITAL_FORM,Gross fixed capital formation,PT_B1GQ,Percentage of GDP,_Z,Not applicable,_Z,Not application,_Z,Not applicable,_Z,Not applicable,_T,Total,_Z,Not applicable,_T,Total,_Z,Not applicable,2018,,0.246,,,,,,,,,,,,0,Units,1,One
DATAFLOW,OECD.ELS.HD:DSD_SHA@DF_SHA_HK(1.0),Gross fixed capital formation in the healthcare system,I,MLT,Malta,A,Annual,CAPITAL_FORM,Gross fixed capital formation,PT_B1GQ,Percentage of GDP,_Z,Not applicable,_Z,Not application,_Z,Not applicable,_Z,Not applicable,_T,Total,_Z,Not applicable,_T,Total,_Z,Not applicable,2017,,0.183,,,,,,,,,,,,0,Units,1,One
DATAFLOW,OECD.ELS.HD:DSD_SHA@DF_SHA_HK(1.0),Gross fixed capital formation in the healthcare system,I,MLT,Malta,A,Annual,CAPITAL_FORM,Gross fixed capital formation,PT_B1GQ,Percentage of GDP,_Z,Not applicable,_Z,Not application,_Z,Not applicable,_Z,Not applicable,_T,Total,_Z,Not applicable,_T,Total,_Z,Not applicable,2020,,0.234,,,,,,,,,,,,0,Units,1,One
DATAFLOW,OECD.ELS.HD:DSD_SHA@DF_SHA_HK(1.0),Gross fixed capital formation in the healthcare system,I,MLT,Malta,A,Annual,CAPITAL_FORM,Gross fixed capital formation,PT_B1GQ,Percentage of GDP,_Z,Not applicable,_Z,Not application,_Z,Not applicable,_Z,Not applicable,_T,Total,_Z,Not applicable,_T,Total,_Z,Not applicable,2019,,0.195,,,,,,,,,,,,0,Units,1,One
DATAFLOW,OECD.ELS.HD:DSD_SHA@DF_SHA_HK(1.0),Gross fixed capital formation in the healthcare system,I,HRV,Croatia,A,Annual,CAPITAL_FORM,Gross fixed capital formation,PT_B1GQ,Percentage of GDP,_Z,Not applicable,_Z,Not application,_Z,Not applicable,_Z,Not applicable,_T,Total,_Z,Not applicable,_T,Total,_Z,Not applicable,2020,,0.324,,,,,,,,,,,,0,Units,1,One
DATAFLOW,OECD.ELS.HD:DSD_SHA@DF_SHA_HK(1.0),Gross fixed capital formation in the healthcare system,I,HRV,Croatia,A,Annual,CAPITAL_FORM,Gross fixed capital formation,PT_B1GQ,Percentage of GDP,_Z,Not applicable,_Z,Not application,_Z,Not applicable,_Z,Not applicable,_T,Total,_Z,Not applicable,_T,Total,_Z,Not applicable,2021,,0.23,,,,,,,,,,,,0,Units,1,One
DATAFLOW,OECD.ELS.HD:DSD_SHA@DF_SHA_HK(1.0),Gross fixed capital formation in the healthcare system,I,SWE,Sweden,A,Annual,CAPITAL_FORM,Gross fixed capital formation,PT_B1GQ,Percentage of GDP,_Z,Not applicable,_Z,Not application,_Z,Not applicable,_Z,Not applicable,_T,Total,_Z,Not applicable,_T,Total,_Z,Not applicable,2017,,0.542,,,,,,,,,,,,0,Units,1,One
DATAFLOW,OECD.ELS.HD:DSD_SHA@DF_SHA_HK(1.0),Gross fixed capital formation in the healthcare system,I,SWE,Sweden,A,Annual,CAPITAL_FORM,Gross fixed capital formation,PT_B1GQ,Percentage of GDP,_Z,Not applicable,_Z,Not application,_Z,Not applicable,_Z,Not applicable,_T,Total,_Z,Not applicable,_T,Total,_Z,Not applicable,2016,,0.544,,,,,,,,,,,,0,Units,1,One
DATAFLOW,OECD.ELS.HD:DSD_SHA@DF_SHA_HK(1.0),Gross fixed capital formation in the healthcare system,I,SWE,Sweden,A,Annual,CAPITAL_FORM,Gross fixed capital formation,PT_B1GQ,Percentage of GDP,_Z,Not applicable,_Z,Not application,_Z,Not applicable,_Z,Not applicable,_T,Total,_Z,Not applicable,_T,Total,_Z,Not applicable,2015,,0.555,,,,,,,,,,,,0,Units,1,One
DATAFLOW,OECD.ELS.HD:DSD_SHA@DF_SHA_HK(1.0),Gross fixed capital formation in the healthcare system,I,SWE,Sweden,A,Annual,CAPITAL_FORM,Gross fixed capital formation,PT_B1GQ,Percentage of GDP,_Z,Not applicable,_Z,Not application,_Z,Not applicable,_Z,Not applicable,_T,Total,_Z,Not applicable,_T,Total,_Z,Not applicable,2021,,0.495,,,,,,P,Provisional value,,,,,0,Units,1,One
DATAFLOW,OECD.ELS.HD:DSD_SHA@DF_SHA_HK(1.0),Gross fixed capital formation in the healthcare system,I,SWE,Sweden,A,Annual,CAPITAL_FORM,Gross fixed capital formation,PT_B1GQ,Percentage of GDP,_Z,Not applicable,_Z,Not application,_Z,Not applicable,_Z,Not applicable,_T,Total,_Z,Not applicable,_T,Total,_Z,Not applicable,2020,,0.49,,,,,,,,,,,,0,Units,1,One
DATAFLOW,OECD.ELS.HD:DSD_SHA@DF_SHA_HK(1.0),Gross fixed capital formation in the healthcare system,I,SWE,Sweden,A,Annual,CAPITAL_FORM,Gross fixed capital formation,PT_B1GQ,Percentage of GDP,_Z,Not applicable,_Z,Not application,_Z,Not applicable,_Z,Not applicable,_T,Total,_Z,Not applicable,_T,Total,_Z,Not applicable,2019,,0.598,,,,,,,,,,,,0,Units,1,One
DATAFLOW,OECD.ELS.HD:DSD_SHA@DF_SHA_HK(1.0),Gross fixed capital formation in the healthcare system,I,SWE,Sweden,A,Annual,CAPITAL_FORM,Gross fixed capital formation,PT_B1GQ,Percentage of GDP,_Z,Not applicable,_Z,Not application,_Z,Not applicable,_Z,Not applicable,_T,Total,_Z,Not applicable,_T,Total,_Z,Not applicable,2018,,0.588,,,,,,,,,,,,0,Units,1,One
DATAFLOW,OECD.ELS.HD:DSD_SHA@DF_SHA_HK(1.0),Gross fixed capital formation in the healthcare system,I,USA,United States,A,Annual,CAPITAL_FORM,Gross fixed capital formation,PT_B1GQ,Percentage of GDP,_Z,Not applicable,_Z,Not application,_Z,Not applicable,_Z,Not applicable,_T,Total,_Z,Not applicable,_T,Total,_Z,Not applicable,2017,,0.666,,,,,,,,,,,,0,Units,1,One
DATAFLOW,OECD.ELS.HD:DSD_SHA@DF_SHA_HK(1.0),Gross fixed capital formation in the healthcare system,I,USA,United States,A,Annual,CAPITAL_FORM,Gross fixed capital formation,PT_B1GQ,Percentage of GDP,_Z,Not applicable,_Z,Not application,_Z,Not applicable,_Z,Not applicable,_T,Total,_Z,Not applicable,_T,Total,_Z,Not applicable,2016,,0.634,,,,,,,,,,,,0,Units,1,One
DATAFLOW,OECD.ELS.HD:DSD_SHA@DF_SHA_HK(1.0),Gross fixed capital formation in the healthcare system,I,USA,United States,A,Annual,CAPITAL_FORM,Gross fixed capital formation,PT_B1GQ,Percentage of GDP,_Z,Not applicable,_Z,Not application,_Z,Not applicable,_Z,Not applicable,_T,Total,_Z,Not applicable,_T,Total,_Z,Not applicable,2015,,0.641,,,,,,,,,,,,0,Units,1,One
DATAFLOW,OECD.ELS.HD:DSD_SHA@DF_SHA_HK(1.0),Gross fixed capital formation in the healthcare system,I,USA,United States,A,Annual,CAPITAL_FORM,Gross fixed capital formation,PT_B1GQ,Percentage of GDP,_Z,Not applicable,_Z,Not application,_Z,Not applicable,_Z,Not applicable,_T,Total,_Z,Not applicable,_T,Total,_Z,Not applicable,2021,,0.624,,,,,,,,,,,,0,Units,1,One
DATAFLOW,OECD.ELS.HD:DSD_SHA@DF_SHA_HK(1.0),Gross fixed capital formation in the healthcare system,I,USA,United States,A,Annual,CAPITAL_FORM,Gross fixed capital formation,PT_B1GQ,Percentage of GDP,_Z,Not applicable,_Z,Not application,_Z,Not applicable,_Z,Not applicable,_T,Total,_Z,Not applicable,_T,Total,_Z,Not applicable,2020,,0.635,,,,,,,,,,,,0,Units,1,One
DATAFLOW,OECD.ELS.HD:DSD_SHA@DF_SHA_HK(1.0),Gross fixed capital formation in the healthcare system,I,USA,United States,A,Annual,CAPITAL_FORM,Gross fixed capital formation,PT_B1GQ,Percentage of GDP,_Z,Not applicable,_Z,Not application,_Z,Not applicable,_Z,Not applicable,_T,Total,_Z,Not applicable,_T,Total,_Z,Not applicable,2019,,0.643,,,,,,,,,,,,0,Units,1,One
DATAFLOW,OECD.ELS.HD:DSD_SHA@DF_SHA_HK(1.0),Gross fixed capital formation in the healthcare system,I,USA,United States,A,Annual,CAPITAL_FORM,Gross fixed capital formation,PT_B1GQ,Percentage of GDP,_Z,Not applicable,_Z,Not application,_Z,Not applicable,_Z,Not applicable,_T,Total,_Z,Not applicable,_T,Total,_Z,Not applicable,2018,,0.663,,,,,,,,,,,,0,Units,1,One
DATAFLOW,OECD.ELS.HD:DSD_SHA@DF_SHA_HK(1.0),Gross fixed capital formation in the healthcare system,I,BGR,Bulgaria,A,Annual,CAPITAL_FORM,Gross fixed capital formation,PT_B1GQ,Percentage of GDP,_Z,Not applicable,_Z,Not application,_Z,Not applicable,_Z,Not applicable,_T,Total,_Z,Not applicable,_T,Total,_Z,Not applicable,2020,,0.098,,,,,,,,,,,,0,Units,1,One
DATAFLOW,OECD.ELS.HD:DSD_SHA@DF_SHA_HK(1.0),Gross fixed capital formation in the healthcare system,I,BGR,Bulgaria,A,Annual,CAPITAL_FORM,Gross fixed capital formation,PT_B1GQ,Percentage of GDP,_Z,Not applicable,_Z,Not application,_Z,Not applicable,_Z,Not applicable,_T,Total,_Z,Not applicable,_T,Total,_Z,Not applicable,2021,,0.063,,,,,,,,,,,,0,Units,1,One
DATAFLOW,OECD.ELS.HD:DSD_SHA@DF_SHA_HK(1.0),Gross fixed capital formation in the healthcare system,I,CHL,Chile,A,Annual,CAPITAL_FORM,Gross fixed capital formation,PT_B1GQ,Percentage of GDP,_Z,Not applicable,_Z,Not application,_Z,Not applicable,_Z,Not applicable,_T,Total,_Z,Not applicable,_T,Total,_Z,Not applicable,2017,,0.246,,,,,,,,,,,,0,Units,1,One
DATAFLOW,OECD.ELS.HD:DSD_SHA@DF_SHA_HK(1.0),Gross fixed capital formation in the healthcare system,I,CHL,Chile,A,Annual,CAPITAL_FORM,Gross fixed capital formation,PT_B1GQ,Percentage of GDP,_Z,Not applicable,_Z,Not application,_Z,Not applicable,_Z,Not applicable,_T,Total,_Z,Not applicable,_T,Total,_Z,Not applicable,2016,,0.303,,,,,,,,,,,,0,Units,1,One
DATAFLOW,OECD.ELS.HD:DSD_SHA@DF_SHA_HK(1.0),Gross fixed capital formation in the healthcare system,I,CYP,Cyprus,A,Annual,CAPITAL_FORM,Gross fixed capital formation,PT_B1GQ,Percentage of GDP,_Z,Not applicable,_Z,Not application,_Z,Not applicable,_Z,Not applicable,_T,Total,_Z,Not applicable,_T,Total,_Z,Not applicable,2018,,0.231,,,,,,,,,,,,0,Units,1,One
DATAFLOW,OECD.ELS.HD:DSD_SHA@DF_SHA_HK(1.0),Gross fixed capital formation in the healthcare system,I,CYP,Cyprus,A,Annual,CAPITAL_FORM,Gross fixed capital formation,PT_B1GQ,Percentage of GDP,_Z,Not applicable,_Z,Not application,_Z,Not applicable,_Z,Not applicable,_T,Total,_Z,Not applicable,_T,Total,_Z,Not applicable,2017,,0.153,,,,,,,,,,,,0,Units,1,One
DATAFLOW,OECD.ELS.HD:DSD_SHA@DF_SHA_HK(1.0),Gross fixed capital formation in the healthcare system,I,CYP,Cyprus,A,Annual,CAPITAL_FORM,Gross fixed capital formation,PT_B1GQ,Percentage of GDP,_Z,Not applicable,_Z,Not application,_Z,Not applicable,_Z,Not applicable,_T,Total,_Z,Not applicable,_T,Total,_Z,Not applicable,2016,,0.145,,,,,,,,,,,,0,Units,1,One
DATAFLOW,OECD.ELS.HD:DSD_SHA@DF_SHA_HK(1.0),Gross fixed capital formation in the healthcare system,I,ISL,Iceland,A,Annual,CAPITAL_FORM,Gross fixed capital formation,PT_B1GQ,Percentage of GDP,_Z,Not applicable,_Z,Not application,_Z,Not applicable,_Z,Not applicable,_T,Total,_Z,Not applicable,_T,Total,_Z,Not applicable,2020,,0.279,,,,,,,,,,,,0,Units,1,One
DATAFLOW,OECD.ELS.HD:DSD_SHA@DF_SHA_HK(1.0),Gross fixed capital formation in the healthcare system,I,ISL,Iceland,A,Annual,CAPITAL_FORM,Gross fixed capital formation,PT_B1GQ,Percentage of GDP,_Z,Not applicable,_Z,Not application,_Z,Not applicable,_Z,Not applicable,_T,Total,_Z,Not applicable,_T,Total,_Z,Not applicable,2019,,0.305,,,,,,,,,,,,0,Units,1,One
DATAFLOW,OECD.ELS.HD:DSD_SHA@DF_SHA_HK(1.0),Gross fixed capital formation in the healthcare system,I,CYP,Cyprus,A,Annual,CAPITAL_FORM,Gross fixed capital formation,PT_B1GQ,Percentage of GDP,_Z,Not applicable,_Z,Not application,_Z,Not applicable,_Z,Not applicable,_T,Total,_Z,Not applicable,_T,Total,_Z,Not applicable,2019,,0.242,,,,,,,,,,,,0,Units,1,One
DATAFLOW,OECD.ELS.HD:DSD_SHA@DF_SHA_HK(1.0),Gross fixed capital formation in the healthcare system,I,PRT,Portugal,A,Annual,CAPITAL_FORM,Gross fixed capital formation,PT_B1GQ,Percentage of GDP,_Z,Not applicable,_Z,Not application,_Z,Not applicable,_Z,Not applicable,_T,Total,_Z,Not applicable,_T,Total,_Z,Not applicable,2020,,1.203,,,,,,,,,,,,0,Units,1,One
DATAFLOW,OECD.ELS.HD:DSD_SHA@DF_SHA_HK(1.0),Gross fixed capital formation in the healthcare system,I,PRT,Portugal,A,Annual,CAPITAL_FORM,Gross fixed capital formation,PT_B1GQ,Percentage of GDP,_Z,Not applicable,_Z,Not application,_Z,Not applicable,_Z,Not applicable,_T,Total,_Z,Not applicable,_T,Total,_Z,Not applicable,2019,,1.025,,,,,,,,,,,,0,Units,1,One
DATAFLOW,OECD.ELS.HD:DSD_SHA@DF_SHA_HK(1.0),Gross fixed capital formation in the healthcare system,I,CYP,Cyprus,A,Annual,CAPITAL_FORM,Gross fixed capital formation,PT_B1GQ,Percentage of GDP,_Z,Not applicable,_Z,Not application,_Z,Not applicable,_Z,Not applicable,_T,Total,_Z,Not applicable,_T,Total,_Z,Not applicable,2020,,0.266,,,,,,,,,,,,0,Units,1,One
DATAFLOW,OECD.ELS.HD:DSD_SHA@DF_SHA_HK(1.0),Gross fixed capital formation in the healthcare system,I,DNK,Denmark,A,Annual,CAPITAL_FORM,Gross fixed capital formation,PT_B1GQ,Percentage of GDP,_Z,Not applicable,_Z,Not application,_Z,Not applicable,_Z,Not applicable,_T,Total,_Z,Not applicable,_T,Total,_Z,Not applicable,2017,,0.63,,,,,,,,,,,,0,Units,1,One
DATAFLOW,OECD.ELS.HD:DSD_SHA@DF_SHA_HK(1.0),Gross fixed capital formation in the healthcare system,I,DNK,Denmark,A,Annual,CAPITAL_FORM,Gross fixed capital formation,PT_B1GQ,Percentage of GDP,_Z,Not applicable,_Z,Not application,_Z,Not applicable,_Z,Not applicable,_T,Total,_Z,Not applicable,_T,Total,_Z,Not applicable,2016,,0.598,,,,,,,,,,,,0,Units,1,One
DATAFLOW,OECD.ELS.HD:DSD_SHA@DF_SHA_HK(1.0),Gross fixed capital formation in the healthcare system,I,DNK,Denmark,A,Annual,CAPITAL_FORM,Gross fixed capital formation,PT_B1GQ,Percentage of GDP,_Z,Not applicable,_Z,Not application,_Z,Not applicable,_Z,Not applicable,_T,Total,_Z,Not applicable,_T,Total,_Z,Not applicable,2015,,0.627,,,,,,,,,,,,0,Units,1,One
DATAFLOW,OECD.ELS.HD:DSD_SHA@DF_SHA_HK(1.0),Gross fixed capital formation in the healthcare system,I,DNK,Denmark,A,Annual,CAPITAL_FORM,Gross fixed capital formation,PT_B1GQ,Percentage of GDP,_Z,Not applicable,_Z,Not application,_Z,Not applicable,_Z,Not applicable,_T,Total,_Z,Not applicable,_T,Total,_Z,Not applicable,2022,,0.54,,,,,,P,Provisional value,,,,,0,Units,1,One
DATAFLOW,OECD.ELS.HD:DSD_SHA@DF_SHA_HK(1.0),Gross fixed capital formation in the healthcare system,I,DNK,Denmark,A,Annual,CAPITAL_FORM,Gross fixed capital formation,PT_B1GQ,Percentage of GDP,_Z,Not applicable,_Z,Not application,_Z,Not applicable,_Z,Not applicable,_T,Total,_Z,Not applicable,_T,Total,_Z,Not applicable,2021,,0.603,,,,,,,,,,,,0,Units,1,One
DATAFLOW,OECD.ELS.HD:DSD_SHA@DF_SHA_HK(1.0),Gross fixed capital formation in the healthcare system,I,DNK,Denmark,A,Annual,CAPITAL_FORM,Gross fixed capital formation,PT_B1GQ,Percentage of GDP,_Z,Not applicable,_Z,Not application,_Z,Not applicable,_Z,Not applicable,_T,Total,_Z,Not applicable,_T,Total,_Z,Not applicable,2020,,0.648,,,,,,,,,,,,0,Units,1,One
DATAFLOW,OECD.ELS.HD:DSD_SHA@DF_SHA_HK(1.0),Gross fixed capital formation in the healthcare system,I,LVA,Latvia,A,Annual,CAPITAL_FORM,Gross fixed capital formation,PT_B1GQ,Percentage of GDP,_Z,Not applicable,_Z,Not application,_Z,Not applicable,_Z,Not applicable,_T,Total,_Z,Not applicable,_T,Total,_Z,Not applicable,2018,,0.359,,,,,,,,,,,,0,Units,1,One
DATAFLOW,OECD.ELS.HD:DSD_SHA@DF_SHA_HK(1.0),Gross fixed capital formation in the healthcare system,I,CRI,Costa Rica,A,Annual,CAPITAL_FORM,Gross fixed capital formation,PT_B1GQ,Percentage of GDP,_Z,Not applicable,_Z,Not application,_Z,Not applicable,_Z,Not applicable,_T,Total,_Z,Not applicable,_T,Total,_Z,Not applicable,2017,,0.254,,,,,,,,,,,,0,Units,1,One
DATAFLOW,OECD.ELS.HD:DSD_SHA@DF_SHA_HK(1.0),Gross fixed capital formation in the healthcare system,I,GRC,Greece,A,Annual,CAPITAL_FORM,Gross fixed capital formation,PT_B1GQ,Percentage of GDP,_Z,Not applicable,_Z,Not application,_Z,Not applicable,_Z,Not applicable,_T,Total,_Z,Not applicable,_T,Total,_Z,Not applicable,2018,,0.205,,,,,,,,,,,,0,Units,1,One
DATAFLOW,OECD.ELS.HD:DSD_SHA@DF_SHA_HK(1.0),Gross fixed capital formation in the healthcare system,I,GRC,Greece,A,Annual,CAPITAL_FORM,Gross fixed capital formation,PT_B1GQ,Percentage of GDP,_Z,Not applicable,_Z,Not application,_Z,Not applicable,_Z,Not applicable,_T,Total,_Z,Not applicable,_T,Total,_Z,Not applicable,2017,,0.145,,,,,,,,,,,,0,Units,1,One
DATAFLOW,OECD.ELS.HD:DSD_SHA@DF_SHA_HK(1.0),Gross fixed capital formation in the healthcare system,I,GRC,Greece,A,Annual,CAPITAL_FORM,Gross fixed capital formation,PT_B1GQ,Percentage of GDP,_Z,Not applicable,_Z,Not application,_Z,Not applicable,_Z,Not applicable,_T,Total,_Z,Not applicable,_T,Total,_Z,Not applicable,2016,,0.12,,,,,,,,,,,,0,Units,1,One
DATAFLOW,OECD.ELS.HD:DSD_SHA@DF_SHA_HK(1.0),Gross fixed capital formation in the healthcare system,I,GRC,Greece,A,Annual,CAPITAL_FORM,Gross fixed capital formation,PT_B1GQ,Percentage of GDP,_Z,Not applicable,_Z,Not application,_Z,Not applicable,_Z,Not applicable,_T,Total,_Z,Not applicable,_T,Total,_Z,Not applicable,2015,,0.126,,,,,,,,,,,,0,Units,1,One
DATAFLOW,OECD.ELS.HD:DSD_SHA@DF_SHA_HK(1.0),Gross fixed capital formation in the healthcare system,I,GRC,Greece,A,Annual,CAPITAL_FORM,Gross fixed capital formation,PT_B1GQ,Percentage of GDP,_Z,Not applicable,_Z,Not application,_Z,Not applicable,_Z,Not applicable,_T,Total,_Z,Not applicable,_T,Total,_Z,Not applicable,2021,,0.237,,,,,,,,,,,,0,Units,1,One
